ts_code, rate
603866.SH,0.12571976967370446
603027.SH,0.04323308270676683
300538.SZ,0.09935205183585312
000856.SZ,-0.028130671506351974
600052.SH,0.23591549295774647
